TEAM_NAME,GAME_DATE,WL,PLUS_MINUS
Milwaukee Bucks,2024-02-15,L,-3
Memphis Grizzlies,2024-02-15,W,3
Golden State Warriors,2024-02-15,W,3
Utah Jazz,2024-02-15,L,-3
Minnesota Timberwolves,2024-02-15,W,37
Portland Trail Blazers,2024-02-15,L,-37
Los Angeles Lakers,2024-02-14,W,16
Utah Jazz,2024-02-14,L,-16
Miami Heat,2024-02-14,W,5
Philadelphia 76ers,2024-02-14,L,-5
Dallas Mavericks,2024-02-14,W,23
San Antonio Spurs,2024-02-14,L,-23
Denver Nuggets,2024-02-14,L,-4
Sacramento Kings,2024-02-14,W,4
LA Clippers,2024-02-14,W,5
Golden State Warriors,2024-02-14,L,-5
Phoenix Suns,2024-02-14,W,16
Detroit Pistons,2024-02-14,L,-16
Boston Celtics,2024-02-14,W,50
Brooklyn Nets,2024-02-14,L,-50
New Orleans Pelicans,2024-02-14,W,7
Washington Wizards,2024-02-14,L,-7
Memphis Grizzlies,2024-02-14,W,8
Houston Rockets,2024-02-14,L,-8
Indiana Pacers,2024-02-14,W,2
Toronto Raptors,2024-02-14,L,-2
Chicago Bulls,2024-02-14,L,-3
Cleveland Cavaliers,2024-02-14,W,3
Charlotte Hornets,2024-02-14,W,23
Atlanta Hawks,2024-02-14,L,-23
Orlando Magic,2024-02-14,W,18
New York Knicks,2024-02-14,L,-18
Boston Celtics,2024-02-13,W,8
Brooklyn Nets,2024-02-13,L,-8
Orlando Magic,2024-02-13,L,-14
Oklahoma City Thunder,2024-02-13,W,14
Milwaukee Bucks,2024-02-13,L,-26
Miami Heat,2024-02-13,W,26
Portland Trail Blazers,2024-02-13,L,-12
Minnesota Timberwolves,2024-02-13,W,12
Phoenix Suns,2024-02-13,W,5
Sacramento Kings,2024-02-13,L,-5
Los Angeles Lakers,2024-02-13,W,14
Detroit Pistons,2024-02-13,L,-14
Charlotte Hornets,2024-02-12,W,9
Indiana Pacers,2024-02-12,L,-9
Cleveland Cavaliers,2024-02-12,L,-2
Philadelphia 76ers,2024-02-12,W,2
Toronto Raptors,2024-02-12,L,-23
San Antonio Spurs,2024-02-12,W,23
Memphis Grizzlies,2024-02-12,L,-9
New Orleans Pelicans,2024-02-12,W,9
Milwaukee Bucks,2024-02-12,W,17
Denver Nuggets,2024-02-12,L,-17
LA Clippers,2024-02-12,L,-21
Minnesota Timberwolves,2024-02-12,W,21
New York Knicks,2024-02-12,L,-2
Houston Rockets,2024-02-12,W,2
Atlanta Hawks,2024-02-12,L,-10
Chicago Bulls,2024-02-12,W,10
Golden State Warriors,2024-02-12,W,22
Utah Jazz,2024-02-12,L,-22
Washington Wizards,2024-02-12,L,-8
Dallas Mavericks,2024-02-12,W,8
Sacramento Kings,2024-02-11,L,-14
Oklahoma City Thunder,2024-02-11,W,14
Boston Celtics,2024-02-11,W,4
Miami Heat,2024-02-11,L,-4
Dallas Mavericks,2024-02-10,W,35
Oklahoma City Thunder,2024-02-10,L,-35
Phoenix Suns,2024-02-10,L,-1
Golden State Warriors,2024-02-10,W,1
New Orleans Pelicans,2024-02-10,W,9
Portland Trail Blazers,2024-02-10,L,-9
Charlotte Hornets,2024-02-10,W,9
Memphis Grizzlies,2024-02-10,L,-9
Houston Rockets,2024-02-10,L,-9
Atlanta Hawks,2024-02-10,W,9
Cleveland Cavaliers,2024-02-10,W,24
Toronto Raptors,2024-02-10,L,-24
New York Knicks,2024-02-10,L,-14
Indiana Pacers,2024-02-10,W,14
Chicago Bulls,2024-02-10,L,-6
Orlando Magic,2024-02-10,W,6
Detroit Pistons,2024-02-10,L,-6
Washington Wizards,2024-02-10,L,-6
Philadelphia 76ers,2024-02-10,W,6
Brooklyn Nets,2024-02-10,W,20
San Antonio Spurs,2024-02-10,L,-20
LA Clippers,2024-02-10,W,6
Los Angeles Lakers,2024-02-09,W,17
New Orleans Pelicans,2024-02-09,L,-17
Sacramento Kings,2024-02-09,W,29
Denver Nuggets,2024-02-09,L,-29
Milwaukee Bucks,2024-02-09,W,36
Charlotte Hornets,2024-02-09,L,-36
Houston Rockets,2024-02-09,L,-3
Toronto Raptors,2024-02-09,W,3
Boston Celtics,2024-02-09,W,4
Washington Wizards,2024-02-09,L,-4
Philadelphia 76ers,2024-02-09,L,-6
Atlanta Hawks,2024-02-09,W,6
Golden State Warriors,2024-02-08,W,22
Indiana Pacers,2024-02-08,L,-22
Cleveland Cavaliers,2024-02-08,W,23
New York Knicks,2024-02-08,L,-14
Dallas Mavericks,2024-02-08,W,14
Chicago Bulls,2024-02-08,W,8
Memphis Grizzlies,2024-02-08,L,-8
Brooklyn Nets,2024-02-08,L,-23
Minnesota Timberwolves,2024-02-08,W,24
Milwaukee Bucks,2024-02-08,L,-24
Detroit Pistons,2024-02-08,W,6
Portland Trail Blazers,2024-02-08,L,-6
Denver Nuggets,2024-02-08,W,8
Los Angeles Lakers,2024-02-08,L,-8
San Antonio Spurs,2024-02-08,L,-16
Orlando Magic,2024-02-08,W,16
Utah Jazz,2024-02-08,L,-14
Phoenix Suns,2024-02-08,W,14
Boston Celtics,2024-02-07,W,8
Atlanta Hawks,2024-02-07,L,-8
San Antonio Spurs,2024-02-07,L,-12
Miami Heat,2024-02-07,W,12
Golden State Warriors,2024-02-07,W,23
Philadelphia 76ers,2024-02-07,L,-23
Sacramento Kings,2024-02-07,L,-13
Detroit Pistons,2024-02-07,W,13
LA Clippers,2024-02-07,L,-11
New Orleans Pelicans,2024-02-07,W,11
Charlotte Hornets,2024-02-07,L,-6
Toronto Raptors,2024-02-07,W,6
Washington Wizards,2024-02-07,L,-8
Cleveland Cavaliers,2024-02-07,W,8
Milwaukee Bucks,2024-02-06,L,-8
Phoenix Suns,2024-02-06,W,8
Utah Jazz,2024-02-06,W,7
Oklahoma City Thunder,2024-02-06,L,-7
Minnesota Timberwolves,2024-02-06,L,-6
Chicago Bulls,2024-02-06,W,6
Memphis Grizzlies,2024-02-06,L,-10
New York Knicks,2024-02-06,W,10
Orlando Magic,2024-02-06,L,-26
Indiana Pacers,2024-02-06,W,3
Miami Heat,2024-02-06,W,26
Dallas Mavericks,2024-02-06,W,12
Brooklyn Nets,2024-02-06,L,-12
Houston Rockets,2024-02-06,L,-3
Cleveland Cavaliers,2024-02-05,W,26
Sacramento Kings,2024-02-05,L,-26
Dallas Mavericks,2024-02-05,W,16
Philadelphia 76ers,2024-02-05,L,-16
LA Clippers,2024-02-05,W,5
Atlanta Hawks,2024-02-05,L,-5
Brooklyn Nets,2024-02-05,L,-11
Golden State Warriors,2024-02-05,W,11
New Orleans Pelicans,2024-02-05,W,38
Toronto Raptors,2024-02-05,L,-38
Los Angeles Lakers,2024-02-05,W,6
Charlotte Hornets,2024-02-05,L,-6
Orlando Magic,2024-02-04,W,12
Detroit Pistons,2024-02-04,L,-12
Phoenix Suns,2024-02-04,W,28
Washington Wizards,2024-02-04,L,-28
Charlotte Hornets,2024-02-04,L,-16
Indiana Pacers,2024-02-04,W,16
LA Clippers,2024-02-04,W,8
Miami Heat,2024-02-04,L,-8
Minnesota Timberwolves,2024-02-04,W,21
Toronto Raptors,2024-02-04,L,-8
Oklahoma City Thunder,2024-02-04,W,8
Utah Jazz,2024-02-04,W,15
Milwaukee Bucks,2024-02-04,L,-15
Denver Nuggets,2024-02-04,W,9
Portland Trail Blazers,2024-02-04,L,-9
Memphis Grizzlies,2024-02-04,L,-40
Boston Celtics,2024-02-04,W,40
Houston Rockets,2024-02-04,L,-21
Brooklyn Nets,2024-02-03,W,15
Philadelphia 76ers,2024-02-03,L,-15
Atlanta Hawks,2024-02-03,W,7
Golden State Warriors,2024-02-03,L,-7
Sacramento Kings,2024-02-03,W,8
Chicago Bulls,2024-02-03,L,-8
Milwaukee Bucks,2024-02-03,W,12
Dallas Mavericks,2024-02-03,L,-12
Los Angeles Lakers,2024-02-03,W,8
New York Knicks,2024-02-03,L,-8
San Antonio Spurs,2024-02-03,L,-16
Cleveland Cavaliers,2024-02-03,W,16
Detroit Pistons,2024-02-02,L,-11
San Antonio Spurs,2024-02-02,L,-1
Memphis Grizzlies,2024-02-02,L,-20
Golden State Warriors,2024-02-02,W,20
Denver Nuggets,2024-02-02,W,12
Houston Rockets,2024-02-02,W,29
Toronto Raptors,2024-02-02,L,-29
Orlando Magic,2024-02-02,W,2
Minnesota Timberwolves,2024-02-02,L,-2
Charlotte Hornets,2024-02-02,L,-20
Oklahoma City Thunder,2024-02-02,W,20
Sacramento Kings,2024-02-02,W,11
Indiana Pacers,2024-02-02,L,-11
Atlanta Hawks,2024-02-02,W,9
Phoenix Suns,2024-02-02,L,-9
Washington Wizards,2024-02-02,L,-8
Miami Heat,2024-02-02,W,8
LA Clippers,2024-02-02,W,11
Portland Trail Blazers,2024-02-02,L,-12
New Orleans Pelicans,2024-02-02,W,1
Utah Jazz,2024-02-01,L,-3
Indiana Pacers,2024-02-01,L,-4
New York Knicks,2024-02-01,W,4
Memphis Grizzlies,2024-02-01,L,-7
Cleveland Cavaliers,2024-02-01,W,7
Los Angeles Lakers,2024-02-01,W,9
Boston Celtics,2024-02-01,L,-9
Philadelphia 76ers,2024-02-01,W,3
Denver Nuggets,2024-01-31,L,-5
Oklahoma City Thunder,2024-01-31,W,5
Phoenix Suns,2024-01-31,W,16
Portland Trail Blazers,2024-01-31,W,3
Milwaukee Bucks,2024-01-31,L,-3
Brooklyn Nets,2024-01-31,L,-16
LA Clippers,2024-01-31,W,16
Dallas Mavericks,2024-01-31,L,-34
Minnesota Timberwolves,2024-01-31,W,34
Houston Rockets,2024-01-31,L,-11
New Orleans Pelicans,2024-01-31,W,11
San Antonio Spurs,2024-01-31,L,-10
Orlando Magic,2024-01-31,W,10
Miami Heat,2024-01-31,W,9
Sacramento Kings,2024-01-31,L,-9
Chicago Bulls,2024-01-31,W,7
Charlotte Hornets,2024-01-31,L,-7
Cleveland Cavaliers,2024-01-31,W,7
Detroit Pistons,2024-01-31,L,-7
Washington Wizards,2024-01-31,L,-16
Utah Jazz,2024-01-30,L,-15
New York Knicks,2024-01-30,W,15
Los Angeles Lakers,2024-01-30,L,-16
Atlanta Hawks,2024-01-30,W,16
Indiana Pacers,2024-01-30,L,-5
Boston Celtics,2024-01-30,W,5
Toronto Raptors,2024-01-30,W,11
Chicago Bulls,2024-01-30,L,-11
Golden State Warriors,2024-01-30,W,12
Philadelphia 76ers,2024-01-30,L,-12
Dallas Mavericks,2024-01-29,W,2
San Antonio Spurs,2024-01-29,L,-5
Washington Wizards,2024-01-29,W,5
Houston Rockets,2024-01-29,W,16
Los Angeles Lakers,2024-01-29,L,-16
Minnesota Timberwolves,2024-01-29,W,6
Oklahoma City Thunder,2024-01-29,L,-6
Sacramento Kings,2024-01-29,W,9
Memphis Grizzlies,2024-01-29,L,-9
Phoenix Suns,2024-01-29,W,13
Miami Heat,2024-01-29,L,-13
Brooklyn Nets,2024-01-29,W,33
Utah Jazz,2024-01-29,L,-33
Boston Celtics,2024-01-29,W,6
New Orleans Pelicans,2024-01-29,L,-6
Cleveland Cavaliers,2024-01-29,W,10
LA Clippers,2024-01-29,L,-10
Charlotte Hornets,2024-01-29,L,-21
New York Knicks,2024-01-29,W,21
Portland Trail Blazers,2024-01-29,W,26
Philadelphia 76ers,2024-01-29,L,-26
Milwaukee Bucks,2024-01-29,L,-6
Denver Nuggets,2024-01-29,W,6
Orlando Magic,2024-01-29,L,-2
Chicago Bulls,2024-01-28,W,8
Portland Trail Blazers,2024-01-28,L,-8
Phoenix Suns,2024-01-28,L,-15
Orlando Magic,2024-01-28,W,15
Toronto Raptors,2024-01-28,L,-1
Atlanta Hawks,2024-01-28,W,1
Indiana Pacers,2024-01-28,W,6
Memphis Grizzlies,2024-01-28,L,-6
Detroit Pistons,2024-01-28,W,16
Oklahoma City Thunder,2024-01-28,L,-16
Detroit Pistons,2024-01-27,L,-14
Washington Wizards,2024-01-27,W,14
New York Knicks,2024-01-27,W,16
Miami Heat,2024-01-27,L,-16
Denver Nuggets,2024-01-27,W,6
Philadelphia 76ers,2024-01-27,L,-6
Houston Rockets,2024-01-27,L,-2
Brooklyn Nets,2024-01-27,W,2
Charlotte Hornets,2024-01-27,L,-12
Utah Jazz,2024-01-27,W,12
New Orleans Pelicans,2024-01-27,L,-24
Milwaukee Bucks,2024-01-27,W,24
San Antonio Spurs,2024-01-27,W,1
Minnesota Timberwolves,2024-01-27,L,-1
Boston Celtics,2024-01-27,L,-19
LA Clippers,2024-01-27,W,19
Dallas Mavericks,2024-01-27,L,-5
Sacramento Kings,2024-01-27,W,5
Los Angeles Lakers,2024-01-27,W,1
Golden State Warriors,2024-01-27,L,-1
Dallas Mavericks,2024-01-26,W,5
Atlanta Hawks,2024-01-26,L,-5
Charlotte Hornets,2024-01-26,L,-34
Houston Rockets,2024-01-26,W,34
LA Clippers,2024-01-26,W,20
Toronto Raptors,2024-01-26,L,-20
Oklahoma City Thunder,2024-01-26,W,24
New Orleans Pelicans,2024-01-26,L,-24
Phoenix Suns,2024-01-26,L,-2
Indiana Pacers,2024-01-26,W,2
Memphis Grizzlies,2024-01-26,W,1
Orlando Magic,2024-01-26,L,-1
Milwaukee Bucks,2024-01-26,L,-12
Cleveland Cavaliers,2024-01-26,W,12
San Antonio Spurs,2024-01-26,W,16
Portland Trail Blazers,2024-01-26,L,-16
Chicago Bulls,2024-01-25,L,-9
Los Angeles Lakers,2024-01-25,W,9
Golden State Warriors,2024-01-25,L,-1
Sacramento Kings,2024-01-25,W,1
Miami Heat,2024-01-25,L,-33
Boston Celtics,2024-01-25,W,33
Minnesota Timberwolves,2024-01-25,W,2
Brooklyn Nets,2024-01-25,L,-2
Philadelphia 76ers,2024-01-25,L,-12
Indiana Pacers,2024-01-25,W,12
New York Knicks,2024-01-25,W,38
Denver Nuggets,2024-01-25,L,-38
Washington Wizards,2024-01-25,L,-15
Utah Jazz,2024-01-25,W,15
Memphis Grizzlies,2024-01-24,W,9
Minnesota Timberwolves,2024-01-24,W,11
Washington Wizards,2024-01-24,L,-11
Cleveland Cavaliers,2024-01-24,L,-10
Milwaukee Bucks,2024-01-24,W,10
Portland Trail Blazers,2024-01-24,W,6
Houston Rockets,2024-01-24,L,-6
Phoenix Suns,2024-01-24,W,23
Atlanta Hawks,2024-01-24,L,-22
Golden State Warriors,2024-01-24,W,22
Oklahoma City Thunder,2024-01-24,W,26
Miami Heat,2024-01-24,L,-9
San Antonio Spurs,2024-01-24,L,-26
Dallas Mavericks,2024-01-24,L,-23
Detroit Pistons,2024-01-24,W,7
Charlotte Hornets,2024-01-24,L,-7
Los Angeles Lakers,2024-01-23,L,-11
LA Clippers,2024-01-23,W,11
Portland Trail Blazers,2024-01-23,L,-2
Oklahoma City Thunder,2024-01-23,W,2
New Orleans Pelicans,2024-01-23,W,29
Utah Jazz,2024-01-23,L,-29
Brooklyn Nets,2024-01-23,L,-5
New York Knicks,2024-01-23,W,5
Indiana Pacers,2024-01-23,L,-5
Denver Nuggets,2024-01-23,W,5
Charlotte Hornets,2024-01-22,W,3
Minnesota Timberwolves,2024-01-22,L,-3
Atlanta Hawks,2024-01-22,L,-15
Sacramento Kings,2024-01-22,W,15
Memphis Grizzlies,2024-01-22,W,8
Toronto Raptors,2024-01-22,L,-8
Chicago Bulls,2024-01-22,L,-2
Phoenix Suns,2024-01-22,W,2
Boston Celtics,2024-01-22,W,9
Dallas Mavericks,2024-01-22,L,-9
Philadelphia 76ers,2024-01-22,W,10
San Antonio Spurs,2024-01-22,L,-10
Detroit Pistons,2024-01-22,L,-9
Milwaukee Bucks,2024-01-22,W,9
Cleveland Cavaliers,2024-01-22,W,27
Orlando Magic,2024-01-22,L,-27
Portland Trail Blazers,2024-01-21,L,-24
Los Angeles Lakers,2024-01-21,W,24
Indiana Pacers,2024-01-21,L,-7
Phoenix Suns,2024-01-21,W,7
Boston Celtics,2024-01-21,W,9
Houston Rockets,2024-01-21,L,-9
Washington Wizards,2024-01-21,L,-9
Denver Nuggets,2024-01-21,W,9
Miami Heat,2024-01-21,L,-18
Orlando Magic,2024-01-21,W,18
LA Clippers,2024-01-21,W,11
Brooklyn Nets,2024-01-21,L,-11
Detroit Pistons,2024-01-20,L,-6
Oklahoma City Thunder,2024-01-20,W,5
Minnesota Timberwolves,2024-01-20,L,-5
Utah Jazz,2024-01-20,L,-1
Houston Rockets,2024-01-20,W,1
Memphis Grizzlies,2024-01-20,L,-29
Chicago Bulls,2024-01-20,W,29
New York Knicks,2024-01-20,W,26
Toronto Raptors,2024-01-20,L,-26
Atlanta Hawks,2024-01-20,L,-21
Cleveland Cavaliers,2024-01-20,W,21
Washington Wizards,2024-01-20,L,-4
San Antonio Spurs,2024-01-20,W,4
Philadelphia 76ers,2024-01-20,W,8
Charlotte Hornets,2024-01-20,L,-8
Milwaukee Bucks,2024-01-20,W,6
San Antonio Spurs,2024-01-19,L,-4
Los Angeles Lakers,2024-01-19,L,-18
Brooklyn Nets,2024-01-19,W,18
Indiana Pacers,2024-01-19,L,-3
Portland Trail Blazers,2024-01-19,W,3
Charlotte Hornets,2024-01-19,W,4
Miami Heat,2024-01-19,L,-1
Atlanta Hawks,2024-01-19,W,1
New Orleans Pelicans,2024-01-19,L,-14
Phoenix Suns,2024-01-19,W,14
Boston Celtics,2024-01-19,L,-2
Denver Nuggets,2024-01-19,W,2
Orlando Magic,2024-01-19,L,-15
Philadelphia 76ers,2024-01-19,W,15
Sacramento Kings,2024-01-18,L,-5
Indiana Pacers,2024-01-18,W,5
Utah Jazz,2024-01-18,L,-5
Oklahoma City Thunder,2024-01-18,W,5
Memphis Grizzlies,2024-01-18,L,-15
Minnesota Timberwolves,2024-01-18,W,15
Washington Wizards,2024-01-18,L,-4
New York Knicks,2024-01-18,W,4
Chicago Bulls,2024-01-18,W,6
Toronto Raptors,2024-01-18,L,-6
Milwaukee Bucks,2024-01-17,L,-40
Cleveland Cavaliers,2024-01-17,W,40
Toronto Raptors,2024-01-17,W,24
Miami Heat,2024-01-17,L,-24
Atlanta Hawks,2024-01-17,W,2
Orlando Magic,2024-01-17,L,-2
Houston Rockets,2024-01-17,L,-15
New York Knicks,2024-01-17,W,15
Minnesota Timberwolves,2024-01-17,W,7
Detroit Pistons,2024-01-17,L,-7
San Antonio Spurs,2024-01-17,L,-19
Boston Celtics,2024-01-17,W,19
Charlotte Hornets,2024-01-17,L,-20
New Orleans Pelicans,2024-01-17,W,20
Los Angeles Lakers,2024-01-17,W,17
Dallas Mavericks,2024-01-17,L,-17
Portland Trail Blazers,2024-01-17,W,2
Brooklyn Nets,2024-01-17,L,-2
LA Clippers,2024-01-16,W,11
Oklahoma City Thunder,2024-01-16,L,-11
Sacramento Kings,2024-01-16,L,-2
Phoenix Suns,2024-01-16,W,2
Denver Nuggets,2024-01-16,L,-5
Philadelphia 76ers,2024-01-16,W,5
Houston Rockets,2024-01-15,L,-9
Philadelphia 76ers,2024-01-15,W,9
Dallas Mavericks,2024-01-15,W,5
New Orleans Pelicans,2024-01-15,L,-5
Washington Wizards,2024-01-15,L,-12
Detroit Pistons,2024-01-15,W,12
Orlando Magic,2024-01-15,W,4
San Antonio Spurs,2024-01-15,L,-10
Atlanta Hawks,2024-01-15,W,10
Memphis Grizzlies,2024-01-15,W,9
Golden State Warriors,2024-01-15,L,-9
Cleveland Cavaliers,2024-01-15,W,18
Chicago Bulls,2024-01-15,L,-18
Boston Celtics,2024-01-15,W,9
New York Knicks,2024-01-15,L,-4
Miami Heat,2024-01-15,W,1
Brooklyn Nets,2024-01-15,L,-1
Utah Jazz,2024-01-15,W,27
Indiana Pacers,2024-01-15,L,-27
Los Angeles Lakers,2024-01-15,W,7
Oklahoma City Thunder,2024-01-15,L,-7
Toronto Raptors,2024-01-15,L,-9
Portland Trail Blazers,2024-01-14,L,-11
Phoenix Suns,2024-01-14,W,11
Sacramento Kings,2024-01-14,L,-1
Milwaukee Bucks,2024-01-14,W,1
LA Clippers,2024-01-14,L,-4
Minnesota Timberwolves,2024-01-14,W,4
Charlotte Hornets,2024-01-14,L,-17
Miami Heat,2024-01-14,W,17
Indiana Pacers,2024-01-14,L,-8
Denver Nuggets,2024-01-14,W,8
Houston Rockets,2024-01-13,L,-32
Boston Celtics,2024-01-13,W,32
Atlanta Hawks,2024-01-13,L,-28
Washington Wizards,2024-01-13,W,28
New York Knicks,2024-01-13,W,12
Memphis Grizzlies,2024-01-13,L,-12
Milwaukee Bucks,2024-01-13,W,11
Golden State Warriors,2024-01-13,L,-11
Orlando Magic,2024-01-13,L,-12
Oklahoma City Thunder,2024-01-13,W,12
New Orleans Pelicans,2024-01-13,W,10
San Antonio Spurs,2024-01-13,L,-6
Chicago Bulls,2024-01-13,W,6
Utah Jazz,2024-01-13,W,7
Los Angeles Lakers,2024-01-13,L,-7
Dallas Mavericks,2024-01-13,L,-10
Atlanta Hawks,2024-01-12,L,-18
Indiana Pacers,2024-01-12,W,18
Sacramento Kings,2024-01-12,L,-19
Philadelphia 76ers,2024-01-12,W,19
Detroit Pistons,2024-01-12,L,-2
Memphis Grizzlies,2024-01-12,L,-9
LA Clippers,2024-01-12,W,9
Portland Trail Blazers,2024-01-12,L,-23
Minnesota Timberwolves,2024-01-12,W,23
Orlando Magic,2024-01-12,L,-3
Miami Heat,2024-01-12,W,3
Chicago Bulls,2024-01-12,L,-9
Golden State Warriors,2024-01-12,W,9
Charlotte Hornets,2024-01-12,L,-36
San Antonio Spurs,2024-01-12,W,36
Toronto Raptors,2024-01-12,L,-32
Utah Jazz,2024-01-12,W,32
New Orleans Pelicans,2024-01-12,L,-12
Denver Nuggets,2024-01-12,W,12
Houston Rockets,2024-01-12,W,2
Cleveland Cavaliers,2024-01-11,W,9
Brooklyn Nets,2024-01-11,L,-9
Milwaukee Bucks,2024-01-11,W,33
Boston Celtics,2024-01-11,L,-33
Oklahoma City Thunder,2024-01-11,W,62
Portland Trail Blazers,2024-01-11,L,-62
Dallas Mavericks,2024-01-11,W,4
New York Knicks,2024-01-11,L,-4
Phoenix Suns,2024-01-11,W,18
Los Angeles Lakers,2024-01-11,L,-18
Indiana Pacers,2024-01-10,W,8
Toronto Raptors,2024-01-10,L,-6
LA Clippers,2024-01-10,W,6
Denver Nuggets,2024-01-10,L,-13
Utah Jazz,2024-01-10,W,13
New Orleans Pelicans,2024-01-10,W,36
Golden State Warriors,2024-01-10,L,-36
Chicago Bulls,2024-01-10,W,5
Houston Rockets,2024-01-10,L,-5
Atlanta Hawks,2024-01-10,W,7
Philadelphia 76ers,2024-01-10,L,-7
Oklahoma City Thunder,2024-01-10,W,8
Miami Heat,2024-01-10,L,-8
Minnesota Timberwolves,2024-01-10,L,-7
Boston Celtics,2024-01-10,W,7
Detroit Pistons,2024-01-10,L,-22
San Antonio Spurs,2024-01-10,W,22
Charlotte Hornets,2024-01-10,L,-25
Sacramento Kings,2024-01-10,W,25
Washington Wizards,2024-01-10,L,-8
Memphis Grizzlies,2024-01-09,W,17
Portland Trail Blazers,2024-01-09,L,-28
Detroit Pistons,2024-01-09,L,-21
Sacramento Kings,2024-01-09,W,21
Orlando Magic,2024-01-09,L,-21
Minnesota Timberwolves,2024-01-09,W,21
New York Knicks,2024-01-09,W,28
Los Angeles Lakers,2024-01-09,W,1
Toronto Raptors,2024-01-09,L,-1
Dallas Mavericks,2024-01-09,L,-17
Houston Rockets,2024-01-08,L,-7
Miami Heat,2024-01-08,W,7
LA Clippers,2024-01-08,W,27
Phoenix Suns,2024-01-08,L,-27
Milwaukee Bucks,2024-01-08,L,-16
Utah Jazz,2024-01-08,W,16
Indiana Pacers,2024-01-08,W,2
Boston Celtics,2024-01-08,L,-2
Chicago Bulls,2024-01-08,W,7
Charlotte Hornets,2024-01-08,L,-7
Washington Wizards,2024-01-08,L,-8
Oklahoma City Thunder,2024-01-08,W,8
LA Clippers,2024-01-07,L,-3
Detroit Pistons,2024-01-07,L,-17
Los Angeles Lakers,2024-01-07,W,3
Golden State Warriors,2024-01-07,L,-15
Toronto Raptors,2024-01-07,W,15
Denver Nuggets,2024-01-07,W,17
Minnesota Timberwolves,2024-01-07,L,-7
Dallas Mavericks,2024-01-07,W,7
Memphis Grizzlies,2024-01-07,W,6
Phoenix Suns,2024-01-07,L,-6
Atlanta Hawks,2024-01-07,L,-7
Orlando Magic,2024-01-07,W,7
New Orleans Pelicans,2024-01-07,W,33
Sacramento Kings,2024-01-07,L,-33
Portland Trail Blazers,2024-01-07,W,7
Brooklyn Nets,2024-01-07,L,-7
Cleveland Cavaliers,2024-01-07,W,2
San Antonio Spurs,2024-01-07,L,-2
New York Knicks,2024-01-06,W,16
Indiana Pacers,2024-01-06,L,-17
Utah Jazz,2024-01-06,W,11
Philadelphia 76ers,2024-01-06,L,-11
Milwaukee Bucks,2024-01-06,L,-4
Houston Rockets,2024-01-06,W,4
Washington Wizards,2024-01-06,L,-16
Boston Celtics,2024-01-06,W,17
Brooklyn Nets,2024-01-05,W,9
Chicago Bulls,2024-01-05,W,13
New York Knicks,2024-01-05,W,36
Philadelphia 76ers,2024-01-05,L,-36
New Orleans Pelicans,2024-01-05,L,-16
Oklahoma City Thunder,2024-01-05,L,-9
Cleveland Cavaliers,2024-01-05,W,24
Washington Wizards,2024-01-05,L,-24
Boston Celtics,2024-01-05,W,29
Utah Jazz,2024-01-05,L,-29
LA Clippers,2024-01-05,W,16
Minnesota Timberwolves,2024-01-05,W,27
Houston Rockets,2024-01-05,L,-27
Portland Trail Blazers,2024-01-05,L,-36
Dallas Mavericks,2024-01-05,W,36
Orlando Magic,2024-01-05,W,2
Denver Nuggets,2024-01-05,L,-2
Miami Heat,2024-01-05,L,-16
Phoenix Suns,2024-01-05,W,16
Memphis Grizzlies,2024-01-05,W,14
Los Angeles Lakers,2024-01-05,L,-14
Detroit Pistons,2024-01-05,L,-4
Golden State Warriors,2024-01-05,W,4
Sacramento Kings,2024-01-05,W,5
Toronto Raptors,2024-01-05,L,-5
Charlotte Hornets,2024-01-05,L,-13
Atlanta Hawks,2024-01-05,L,-34
Indiana Pacers,2024-01-05,W,34
Denver Nuggets,2024-01-04,W,3
Golden State Warriors,2024-01-04,L,-3
Milwaukee Bucks,2024-01-04,W,4
San Antonio Spurs,2024-01-04,L,-4
Indiana Pacers,2024-01-03,W,12
Orlando Magic,2024-01-03,L,-3
Sacramento Kings,2024-01-03,W,3
Portland Trail Blazers,2024-01-03,L,-29
Dallas Mavericks,2024-01-03,W,29
Brooklyn Nets,2024-01-03,L,-11
Houston Rockets,2024-01-03,W,11
Minnesota Timberwolves,2024-01-03,L,-11
New Orleans Pelicans,2024-01-03,W,11
LA Clippers,2024-01-03,W,9
Phoenix Suns,2024-01-03,L,-9
New York Knicks,2024-01-03,W,16
Chicago Bulls,2024-01-03,L,-16
Los Angeles Lakers,2024-01-03,L,-14
Miami Heat,2024-01-03,W,14
Detroit Pistons,2024-01-03,L,-6
Utah Jazz,2024-01-03,W,6
Oklahoma City Thunder,2024-01-03,L,-3
Atlanta Hawks,2024-01-03,W,3
Toronto Raptors,2024-01-03,W,5
Memphis Grizzlies,2024-01-03,L,-5
Washington Wizards,2024-01-03,L,-39
Cleveland Cavaliers,2024-01-03,W,39
Milwaukee Bucks,2024-01-03,L,-12
Charlotte Hornets,2024-01-02,W,7
Sacramento Kings,2024-01-02,L,-7
Golden State Warriors,2024-01-02,W,6
Orlando Magic,2024-01-02,L,-6
Oklahoma City Thunder,2024-01-02,W,4
Boston Celtics,2024-01-02,L,-4
Philadelphia 76ers,2024-01-02,W,13
Chicago Bulls,2024-01-02,L,-13
Brooklyn Nets,2024-01-02,L,-27
New Orleans Pelicans,2024-01-02,W,27
Memphis Grizzlies,2024-01-02,W,8
San Antonio Spurs,2024-01-02,L,-8
Denver Nuggets,2024-01-01,W,18
Toronto Raptors,2024-01-01,W,3
Cleveland Cavaliers,2024-01-01,L,-3
Houston Rockets,2024-01-01,W,23
Detroit Pistons,2024-01-01,L,-23
Indiana Pacers,2024-01-01,W,9
Milwaukee Bucks,2024-01-01,L,-9
Dallas Mavericks,2024-01-01,L,-37
Utah Jazz,2024-01-01,W,37
Phoenix Suns,2024-01-01,W,21
Portland Trail Blazers,2024-01-01,L,-21
LA Clippers,2024-01-01,W,17
Miami Heat,2024-01-01,L,-17
Charlotte Hornets,2024-01-01,L,-18
New York Knicks,2024-01-01,W,6
Minnesota Timberwolves,2024-01-01,L,-6
Orlando Magic,2023-12-31,L,-5
Phoenix Suns,2023-12-31,W,5
Los Angeles Lakers,2023-12-31,L,-20
New Orleans Pelicans,2023-12-31,W,20
Memphis Grizzlies,2023-12-31,L,-31
Sacramento Kings,2023-12-31,W,31
Brooklyn Nets,2023-12-31,L,-16
Oklahoma City Thunder,2023-12-31,W,16
Washington Wizards,2023-12-31,L,-4
Atlanta Hawks,2023-12-31,W,4
Boston Celtics,2023-12-31,W,33
San Antonio Spurs,2023-12-31,L,-33
Toronto Raptors,2023-12-30,L,-2
Detroit Pistons,2023-12-30,W,2
Golden State Warriors,2023-12-30,L,-10
Dallas Mavericks,2023-12-30,W,10
Minnesota Timberwolves,2023-12-30,W,2
Los Angeles Lakers,2023-12-30,L,-2
Philadelphia 76ers,2023-12-30,L,-13
Chicago Bulls,2023-12-30,W,13
Indiana Pacers,2023-12-30,W,14
New York Knicks,2023-12-30,L,-14
Miami Heat,2023-12-30,L,-8
Utah Jazz,2023-12-30,W,8
Washington Wizards,2023-12-29,W,6
Brooklyn Nets,2023-12-29,L,-6
Houston Rockets,2023-12-29,L,-4
Philadelphia 76ers,2023-12-29,W,4
Toronto Raptors,2023-12-29,L,-2
Boston Celtics,2023-12-29,W,2
Milwaukee Bucks,2023-12-29,W,8
Cleveland Cavaliers,2023-12-29,L,-8
Orlando Magic,2023-12-29,W,9
New York Knicks,2023-12-29,L,-9
Oklahoma City Thunder,2023-12-29,W,26
Phoenix Suns,2023-12-29,W,14
Charlotte Hornets,2023-12-29,L,-14
Portland Trail Blazers,2023-12-29,W,6
San Antonio Spurs,2023-12-29,L,-6
Memphis Grizzlies,2023-12-29,L,-11
LA Clippers,2023-12-29,W,11
Atlanta Hawks,2023-12-29,L,-7
Sacramento Kings,2023-12-29,W,7
Denver Nuggets,2023-12-29,L,-26
Memphis Grizzlies,2023-12-28,L,-37
Denver Nuggets,2023-12-28,W,37
Golden State Warriors,2023-12-28,L,-12
Miami Heat,2023-12-28,W,12
Los Angeles Lakers,2023-12-28,W,21
Charlotte Hornets,2023-12-28,L,-21
San Antonio Spurs,2023-12-28,W,13
Portland Trail Blazers,2023-12-28,L,-13
Dallas Mavericks,2023-12-28,L,-8
Minnesota Timberwolves,2023-12-28,W,8
Indiana Pacers,2023-12-28,W,16
Chicago Bulls,2023-12-28,L,-16
Utah Jazz,2023-12-28,L,-7
New Orleans Pelicans,2023-12-28,W,7
Detroit Pistons,2023-12-28,L,-6
Boston Celtics,2023-12-28,W,6
Toronto Raptors,2023-12-27,W,30
Washington Wizards,2023-12-27,L,-30
Orlando Magic,2023-12-27,L,-20
Philadelphia 76ers,2023-12-27,W,20
New York Knicks,2023-12-27,L,-9
Oklahoma City Thunder,2023-12-27,W,9
Houston Rockets,2023-12-27,L,-16
Phoenix Suns,2023-12-27,W,16
Cleveland Cavaliers,2023-12-27,W,3
Dallas Mavericks,2023-12-27,L,-3
Milwaukee Bucks,2023-12-27,W,22
Brooklyn Nets,2023-12-27,L,-22
Minnesota Timberwolves,2023-12-26,L,-23
Oklahoma City Thunder,2023-12-26,W,23
Chicago Bulls,2023-12-26,W,5
Atlanta Hawks,2023-12-26,L,-5
Sacramento Kings,2023-12-26,L,-17
Portland Trail Blazers,2023-12-26,W,17
New Orleans Pelicans,2023-12-26,L,-1
Memphis Grizzlies,2023-12-26,W,1
Houston Rockets,2023-12-26,L,-6
Indiana Pacers,2023-12-26,W,6
LA Clippers,2023-12-26,W,9
Charlotte Hornets,2023-12-26,L,-9
Orlando Magic,2023-12-26,W,8
Washington Wizards,2023-12-26,L,-8
San Antonio Spurs,2023-12-26,L,-12
Utah Jazz,2023-12-26,W,12
Detroit Pistons,2023-12-26,L,-6
Brooklyn Nets,2023-12-26,W,6
Denver Nuggets,2023-12-25,W,6
Golden State Warriors,2023-12-25,L,-6
Los Angeles Lakers,2023-12-25,L,-11
Boston Celtics,2023-12-25,W,11
Philadelphia 76ers,2023-12-25,L,-6
Milwaukee Bucks,2023-12-25,L,-7
New York Knicks,2023-12-25,W,7
Miami Heat,2023-12-25,W,6
Dallas Mavericks,2023-12-25,W,14
Phoenix Suns,2023-12-25,L,-14
Milwaukee Bucks,2023-12-23,W,19
Golden State Warriors,2023-12-23,W,20
LA Clippers,2023-12-23,L,-37
Boston Celtics,2023-12-23,W,37
Charlotte Hornets,2023-12-23,L,-7
Denver Nuggets,2023-12-23,W,7
Minnesota Timberwolves,2023-12-23,W,12
Portland Trail Blazers,2023-12-23,L,-20
Sacramento Kings,2023-12-23,L,-12
New York Knicks,2023-12-23,L,-19
San Antonio Spurs,2023-12-23,L,-25
Dallas Mavericks,2023-12-23,W,25
Los Angeles Lakers,2023-12-23,W,9
Oklahoma City Thunder,2023-12-23,L,-9
Chicago Bulls,2023-12-23,L,-14
Cleveland Cavaliers,2023-12-23,W,14
Atlanta Hawks,2023-12-23,L,-6
Memphis Grizzlies,2023-12-23,W,6
Detroit Pistons,2023-12-23,L,-11
New Orleans Pelicans,2023-12-23,L,-2
Indiana Pacers,2023-12-23,L,-7
Houston Rockets,2023-12-23,W,2
Utah Jazz,2023-12-23,W,7
Orlando Magic,2023-12-23,W,7
Toronto Raptors,2023-12-23,L,-7
Brooklyn Nets,2023-12-23,W,11
Washington Wizards,2023-12-22,L,-11
Golden State Warriors,2023-12-22,W,11
Phoenix Suns,2023-12-22,L,-15
Sacramento Kings,2023-12-22,W,15
Toronto Raptors,2023-12-22,L,-10
Philadelphia 76ers,2023-12-22,W,10
Denver Nuggets,2023-12-22,W,5
Brooklyn Nets,2023-12-22,L,-5
Atlanta Hawks,2023-12-22,L,-9
Miami Heat,2023-12-22,W,9
Dallas Mavericks,2023-12-22,L,-26
Houston Rockets,2023-12-22,W,26
Los Angeles Lakers,2023-12-21,L,-7
Minnesota Timberwolves,2023-12-21,W,7
Portland Trail Blazers,2023-12-21,L,-1
Washington Wizards,2023-12-21,W,1
Utah Jazz,2023-12-21,W,8
Detroit Pistons,2023-12-21,L,-8
LA Clippers,2023-12-21,L,-19
Oklahoma City Thunder,2023-12-21,W,19
Orlando Magic,2023-12-21,L,-4
Milwaukee Bucks,2023-12-21,W,4
Cleveland Cavaliers,2023-12-21,L,-19
New Orleans Pelicans,2023-12-21,W,19
Chicago Bulls,2023-12-21,W,19
San Antonio Spurs,2023-12-21,L,-19
Memphis Grizzlies,2023-12-21,W,13
Indiana Pacers,2023-12-21,L,-13
Boston Celtics,2023-12-20,W,25
Sacramento Kings,2023-12-20,L,-25
Toronto Raptors,2023-12-20,L,-9
Denver Nuggets,2023-12-20,W,9
LA Clippers,2023-12-20,W,9
Dallas Mavericks,2023-12-20,L,-9
Atlanta Hawks,2023-12-20,W,7
Houston Rockets,2023-12-20,L,-7
Chicago Bulls,2023-12-20,W,16
Los Angeles Lakers,2023-12-20,L,-16
Brooklyn Nets,2023-12-20,L,-19
New York Knicks,2023-12-20,W,19
Minnesota Timberwolves,2023-12-20,L,-14
Philadelphia 76ers,2023-12-20,W,14
Orlando Magic,2023-12-20,L,-9
Miami Heat,2023-12-20,W,9
Indiana Pacers,2023-12-20,W,31
Charlotte Hornets,2023-12-20,L,-31
Cleveland Cavaliers,2023-12-20,W,8
Utah Jazz,2023-12-20,L,-8
Golden State Warriors,2023-12-19,W,6
Boston Celtics,2023-12-19,L,-6
Memphis Grizzlies,2023-12-19,W,2
New Orleans Pelicans,2023-12-19,L,-2
Phoenix Suns,2023-12-19,L,-5
Portland Trail Blazers,2023-12-19,W,5
Milwaukee Bucks,2023-12-19,W,13
San Antonio Spurs,2023-12-19,L,-13
Philadelphia 76ers,2023-12-18,L,-4
Chicago Bulls,2023-12-18,W,4
Indiana Pacers,2023-12-18,L,-24
LA Clippers,2023-12-18,W,24
Charlotte Hornets,2023-12-18,L,-15
Toronto Raptors,2023-12-18,W,15
Memphis Grizzlies,2023-12-18,L,-19
Oklahoma City Thunder,2023-12-18,W,19
Atlanta Hawks,2023-12-18,W,6
Detroit Pistons,2023-12-18,L,-6
Miami Heat,2023-12-18,L,-4
Minnesota Timberwolves,2023-12-18,W,4
Houston Rockets,2023-12-18,L,-5
Cleveland Cavaliers,2023-12-18,W,5
Los Angeles Lakers,2023-12-18,L,-5
New York Knicks,2023-12-18,W,5
Sacramento Kings,2023-12-18,W,12
Washington Wizards,2023-12-18,L,-12
Brooklyn Nets,2023-12-18,L,-17
Utah Jazz,2023-12-18,W,17
Denver Nuggets,2023-12-18,W,26
Dallas Mavericks,2023-12-18,L,-26
Boston Celtics,2023-12-17,W,17
Orlando Magic,2023-12-17,L,-17
San Antonio Spurs,2023-12-17,L,-36
New Orleans Pelicans,2023-12-17,W,36
Houston Rockets,2023-12-17,L,-9
Milwaukee Bucks,2023-12-17,W,9
Washington Wizards,2023-12-17,L,-4
Phoenix Suns,2023-12-17,W,4
Portland Trail Blazers,2023-12-17,L,-4
Golden State Warriors,2023-12-17,W,4
Charlotte Hornets,2023-12-16,L,-53
Philadelphia 76ers,2023-12-16,W,53
Brooklyn Nets,2023-12-16,L,-4
Golden State Warriors,2023-12-16,W,4
Chicago Bulls,2023-12-16,L,-2
Milwaukee Bucks,2023-12-16,W,32
Detroit Pistons,2023-12-16,L,-32
Atlanta Hawks,2023-12-16,L,-8
Cleveland Cavaliers,2023-12-16,W,8
Indiana Pacers,2023-12-16,L,-18
Minnesota Timberwolves,2023-12-16,W,18
Miami Heat,2023-12-16,W,2
Portland Trail Blazers,2023-12-16,L,-11
Dallas Mavericks,2023-12-16,W,11
Sacramento Kings,2023-12-16,W,21
Utah Jazz,2023-12-16,L,-21
New York Knicks,2023-12-16,L,-22
Oklahoma City Thunder,2023-12-16,W,1
LA Clippers,2023-12-16,W,22
Denver Nuggets,2023-12-16,L,-1
Orlando Magic,2023-12-15,L,-17
New Orleans Pelicans,2023-12-15,W,5
Charlotte Hornets,2023-12-15,L,-5
Detroit Pistons,2023-12-15,L,-32
Philadelphia 76ers,2023-12-15,W,32
Toronto Raptors,2023-12-15,L,-21
Atlanta Hawks,2023-12-15,W,21
Washington Wizards,2023-12-15,W,14
Indiana Pacers,2023-12-15,L,-14
Boston Celtics,2023-12-15,W,17
San Antonio Spurs,2023-12-15,W,14
Los Angeles Lakers,2023-12-15,L,-14
Houston Rockets,2023-12-15,W,7
Memphis Grizzlies,2023-12-15,L,-7
Phoenix Suns,2023-12-15,L,-17
New York Knicks,2023-12-15,W,17
Boston Celtics,2023-12-14,W,9
Cleveland Cavaliers,2023-12-14,L,-9
Chicago Bulls,2023-12-14,W,8
Dallas Mavericks,2023-12-14,L,-18
Minnesota Timberwolves,2023-12-14,W,18
Denver Nuggets,2023-12-14,W,23
Brooklyn Nets,2023-12-14,L,-23
Portland Trail Blazers,2023-12-14,L,-8
Utah Jazz,2023-12-14,W,8
Golden State Warriors,2023-12-14,L,-8
LA Clippers,2023-12-14,W,8
Sacramento Kings,2023-12-14,W,5
Oklahoma City Thunder,2023-12-14,L,-5
Miami Heat,2023-12-14,L,-8
Detroit Pistons,2023-12-13,L,-18
Philadelphia 76ers,2023-12-13,W,18
Utah Jazz,2023-12-13,W,4
Milwaukee Bucks,2023-12-13,W,14
Indiana Pacers,2023-12-13,L,-14
Phoenix Suns,2023-12-13,L,-4
Houston Rockets,2023-12-13,W,13
Memphis Grizzlies,2023-12-13,L,-13
San Antonio Spurs,2023-12-13,L,-3
Los Angeles Lakers,2023-12-13,W,3
Atlanta Hawks,2023-12-13,L,-7
Toronto Raptors,2023-12-13,W,7
Charlotte Hornets,2023-12-13,L,-11
Miami Heat,2023-12-13,W,11
Washington Wizards,2023-12-13,L,-20
New Orleans Pelicans,2023-12-13,W,20
Brooklyn Nets,2023-12-13,W,4
New York Knicks,2023-12-13,L,-4
LA Clippers,2023-12-12,W,20
Sacramento Kings,2023-12-12,L,-20
Chicago Bulls,2023-12-12,L,-8
Denver Nuggets,2023-12-12,W,8
Golden State Warriors,2023-12-12,L,-3
Phoenix Suns,2023-12-12,W,3
Dallas Mavericks,2023-12-12,W,2
Los Angeles Lakers,2023-12-12,L,-2
Cleveland Cavaliers,2023-12-12,L,-7
Boston Celtics,2023-12-12,W,7
Charlotte Hornets,2023-12-11,L,-2
Houston Rockets,2023-12-11,W,11
Portland Trail Blazers,2023-12-11,L,-5
LA Clippers,2023-12-11,W,5
Atlanta Hawks,2023-12-11,L,-7
San Antonio Spurs,2023-12-11,L,-11
Chicago Bulls,2023-12-11,L,-4
Milwaukee Bucks,2023-12-11,W,4
Minnesota Timberwolves,2023-12-11,L,-14
Dallas Mavericks,2023-12-11,W,7
Memphis Grizzlies,2023-12-11,L,-7
Oklahoma City Thunder,2023-12-11,W,14
Utah Jazz,2023-12-11,L,-14
New Orleans Pelicans,2023-12-11,W,14
Toronto Raptors,2023-12-11,L,-6
New York Knicks,2023-12-11,W,6
Cleveland Cavaliers,2023-12-11,L,-10
Orlando Magic,2023-12-11,W,10
Detroit Pistons,2023-12-11,L,-8
Indiana Pacers,2023-12-11,W,8
Philadelphia 76ers,2023-12-11,W,45
Washington Wizards,2023-12-11,L,-45
Miami Heat,2023-12-11,W,2
Denver Nuggets,2023-12-11,W,7
Sacramento Kings,2023-12-11,W,13
Brooklyn Nets,2023-12-11,L,-13
Orlando Magic,2023-12-08,W,32
Detroit Pistons,2023-12-08,L,-32
Toronto Raptors,2023-12-08,L,-3
Charlotte Hornets,2023-12-08,W,3
Philadelphia 76ers,2023-12-08,W,11
Atlanta Hawks,2023-12-08,L,-11
Boston Celtics,2023-12-08,W,10
New York Knicks,2023-12-08,L,-10
Minnesota Timberwolves,2023-12-08,W,24
Memphis Grizzlies,2023-12-08,L,-24
Miami Heat,2023-12-08,L,-12
Cleveland Cavaliers,2023-12-08,W,12
Oklahoma City Thunder,2023-12-08,W,2
Golden State Warriors,2023-12-08,L,-2
San Antonio Spurs,2023-12-08,L,-9
Chicago Bulls,2023-12-08,W,9
Phoenix Suns,2023-12-08,L,-8
Sacramento Kings,2023-12-08,W,8
Denver Nuggets,2023-12-08,L,-8
Houston Rockets,2023-12-08,W,8
Dallas Mavericks,2023-12-08,W,13
Portland Trail Blazers,2023-12-08,L,-13
LA Clippers,2023-12-08,W,14
Utah Jazz,2023-12-08,L,-14
Washington Wizards,2023-12-08,L,-27
Brooklyn Nets,2023-12-08,W,27
Los Angeles Lakers,2023-12-07,W,44
New Orleans Pelicans,2023-12-07,L,-44
Indiana Pacers,2023-12-07,W,9
Milwaukee Bucks,2023-12-07,L,-9
Dallas Mavericks,2023-12-06,W,50
Utah Jazz,2023-12-06,L,-50
Houston Rockets,2023-12-06,W,9
Oklahoma City Thunder,2023-12-06,L,-9
Atlanta Hawks,2023-12-06,L,-1
Brooklyn Nets,2023-12-06,W,1
Miami Heat,2023-12-06,W,9
Toronto Raptors,2023-12-06,L,-9
Orlando Magic,2023-12-06,L,-10
Cleveland Cavaliers,2023-12-06,W,10
Detroit Pistons,2023-12-06,L,-14
Memphis Grizzlies,2023-12-06,W,14
Charlotte Hornets,2023-12-06,L,-11
Chicago Bulls,2023-12-06,W,11
Washington Wizards,2023-12-06,L,-5
Philadelphia 76ers,2023-12-06,W,5
LA Clippers,2023-12-06,W,9
Denver Nuggets,2023-12-06,L,-9
Golden State Warriors,2023-12-06,W,4
Portland Trail Blazers,2023-12-06,L,-4
Minnesota Timberwolves,2023-12-06,W,8
San Antonio Spurs,2023-12-06,L,-8
New York Knicks,2023-12-05,L,-24
Milwaukee Bucks,2023-12-05,W,24
Phoenix Suns,2023-12-05,L,-3
Los Angeles Lakers,2023-12-05,W,3
Boston Celtics,2023-12-04,L,-10
Indiana Pacers,2023-12-04,W,10
Sacramento Kings,2023-12-04,L,-10
New Orleans Pelicans,2023-12-04,W,10
Denver Nuggets,2023-12-02,L,-6
Portland Trail Blazers,2023-12-02,L,-5
Utah Jazz,2023-12-02,W,5
Memphis Grizzlies,2023-12-02,L,-7
Phoenix Suns,2023-12-02,W,7
Oklahoma City Thunder,2023-12-02,W,6
Dallas Mavericks,2023-12-02,L,-6
Indiana Pacers,2023-12-02,W,15
Miami Heat,2023-12-02,L,-15
Atlanta Hawks,2023-12-02,L,-11
Milwaukee Bucks,2023-12-02,W,11
Cleveland Cavaliers,2023-12-02,W,9
Detroit Pistons,2023-12-02,L,-9
Charlotte Hornets,2023-12-02,L,-6
Minnesota Timberwolves,2023-12-02,W,6
Golden State Warriors,2023-12-02,L,-1
LA Clippers,2023-12-02,W,1
Sacramento Kings,2023-12-02,W,6
New Orleans Pelicans,2023-12-02,L,-6
Chicago Bulls,2023-12-02,W,6
Los Angeles Lakers,2023-12-02,W,10
Houston Rockets,2023-12-02,L,-10
Brooklyn Nets,2023-12-02,W,28
Orlando Magic,2023-12-02,L,-28
New York Knicks,2023-12-01,W,13
Toronto Raptors,2023-12-01,L,-13
Washington Wizards,2023-12-01,L,-5
Orlando Magic,2023-12-01,W,5
Dallas Mavericks,2023-12-01,L,-14
Memphis Grizzlies,2023-12-01,W,14
San Antonio Spurs,2023-12-01,L,-15
New Orleans Pelicans,2023-12-01,W,15
Philadelphia 76ers,2023-12-01,L,-6
Boston Celtics,2023-12-01,W,6
Denver Nuggets,2023-12-01,W,8
Phoenix Suns,2023-12-01,L,-8
Minnesota Timberwolves,2023-11-30,W,11
LA Clippers,2023-11-30,L,-6
Golden State Warriors,2023-11-30,W,6
Milwaukee Bucks,2023-11-30,L,-7
Chicago Bulls,2023-11-30,W,7
New York Knicks,2023-11-30,W,6
Detroit Pistons,2023-11-30,L,-6
Portland Trail Blazers,2023-11-30,W,8
Cleveland Cavaliers,2023-11-30,L,-8
Charlotte Hornets,2023-11-30,W,1
Brooklyn Nets,2023-11-30,L,-1
Oklahoma City Thunder,2023-11-30,W,23
Los Angeles Lakers,2023-11-30,L,-23
Atlanta Hawks,2023-11-30,W,2
San Antonio Spurs,2023-11-30,L,-2
Utah Jazz,2023-11-30,L,-11
Miami Heat,2023-11-30,W,10
Indiana Pacers,2023-11-30,L,-10
Utah Jazz,2023-11-29,L,-14
Los Angeles Lakers,2023-11-29,W,26
Detroit Pistons,2023-11-29,L,-26
Denver Nuggets,2023-11-29,W,10
Houston Rockets,2023-11-29,L,-10
New Orleans Pelicans,2023-11-29,W,10
Philadelphia 76ers,2023-11-29,L,-10
Toronto Raptors,2023-11-29,W,7
Phoenix Suns,2023-11-29,L,-7
Washington Wizards,2023-11-29,L,-19
Orlando Magic,2023-11-29,W,19
LA Clippers,2023-11-29,W,14
Sacramento Kings,2023-11-29,L,-14
Memphis Grizzlies,2023-11-29,W,14
Boston Celtics,2023-11-28,W,27
Chicago Bulls,2023-11-28,L,-27
New York Knicks,2023-11-28,W,24
Charlotte Hornets,2023-11-28,L,-24
Brooklyn Nets,2023-11-28,W,12
Cleveland Cavaliers,2023-11-28,W,23
Toronto Raptors,2023-11-28,L,-12
Atlanta Hawks,2023-11-28,L,-23
Milwaukee Bucks,2023-11-28,W,7
Miami Heat,2023-11-28,L,-7
Oklahoma City Thunder,2023-11-28,L,-3
Minnesota Timberwolves,2023-11-28,W,3
Dallas Mavericks,2023-11-28,W,6
Houston Rockets,2023-11-28,L,-6
Sacramento Kings,2023-11-28,W,1
Golden State Warriors,2023-11-28,L,-1
New Orleans Pelicans,2023-11-27,L,-2
Utah Jazz,2023-11-27,W,2
Philadelphia 76ers,2023-11-27,W,44
Los Angeles Lakers,2023-11-27,L,-44
LA Clippers,2023-11-27,L,-9
Denver Nuggets,2023-11-27,W,9
Detroit Pistons,2023-11-27,L,-19
Washington Wizards,2023-11-27,W,19
Portland Trail Blazers,2023-11-27,W,4
Indiana Pacers,2023-11-27,L,-4
Toronto Raptors,2023-11-26,L,-3
Brooklyn Nets,2023-11-26,W,9
Milwaukee Bucks,2023-11-26,W,6
Portland Trail Blazers,2023-11-26,L,-6
Chicago Bulls,2023-11-26,L,-9
Memphis Grizzlies,2023-11-26,L,-22
Minnesota Timberwolves,2023-11-26,W,22
Atlanta Hawks,2023-11-26,L,-10
Boston Celtics,2023-11-26,W,10
New York Knicks,2023-11-26,L,-3
Phoenix Suns,2023-11-26,W,3
Denver Nuggets,2023-11-26,W,12
San Antonio Spurs,2023-11-26,L,-12
Orlando Magic,2023-11-26,W,13
Charlotte Hornets,2023-11-26,L,-13
Cleveland Cavaliers,2023-11-26,W,3
New Orleans Pelicans,2023-11-25,L,-5
Utah Jazz,2023-11-25,W,5
Los Angeles Lakers,2023-11-25,W,6
Cleveland Cavaliers,2023-11-25,L,-6
Oklahoma City Thunder,2023-11-25,L,-4
Philadelphia 76ers,2023-11-25,W,4
Brooklyn Nets,2023-11-25,W,15
Miami Heat,2023-11-25,L,-15
LA Clippers,2023-11-25,W,19
Dallas Mavericks,2023-11-25,L,-19
Atlanta Hawks,2023-11-25,W,28
Washington Wizards,2023-11-25,L,-28
New York Knicks,2023-11-24,W,2
LA Clippers,2023-11-24,L,-10
New Orleans Pelicans,2023-11-24,W,10
Phoenix Suns,2023-11-24,W,21
Memphis Grizzlies,2023-11-24,L,-21
San Antonio Spurs,2023-11-24,L,-6
Golden State Warriors,2023-11-24,W,6
Sacramento Kings,2023-11-24,W,13
Minnesota Timberwolves,2023-11-24,L,-13
Toronto Raptors,2023-11-24,W,13
Chicago Bulls,2023-11-24,L,-13
Orlando Magic,2023-11-24,W,17
Boston Celtics,2023-11-24,L,-17
Miami Heat,2023-11-24,L,-2
Indiana Pacers,2023-11-24,W,23
Milwaukee Bucks,2023-11-24,W,3
Washington Wizards,2023-11-24,L,-3
Houston Rockets,2023-11-24,W,19
Denver Nuggets,2023-11-24,L,-19
Detroit Pistons,2023-11-24,L,-23
Brooklyn Nets,2023-11-22,L,-2
Atlanta Hawks,2023-11-22,W,2
Indiana Pacers,2023-11-22,L,-1
Oklahoma City Thunder,2023-11-22,W,14
LA Clippers,2023-11-22,W,7
Houston Rockets,2023-11-22,W,20
Dallas Mavericks,2023-11-22,W,3
Los Angeles Lakers,2023-11-22,L,-3
Cleveland Cavaliers,2023-11-22,L,-33
Miami Heat,2023-11-22,W,33
Minnesota Timberwolves,2023-11-22,W,13
Philadelphia 76ers,2023-11-22,L,-13
Utah Jazz,2023-11-22,L,-16
Portland Trail Blazers,2023-11-22,W,16
New Orleans Pelicans,2023-11-22,W,5
Sacramento Kings,2023-11-22,L,-5
Memphis Grizzlies,2023-11-22,L,-20
Chicago Bulls,2023-11-22,L,-14
Phoenix Suns,2023-11-22,W,8
Golden State Warriors,2023-11-22,L,-8
San Antonio Spurs,2023-11-22,L,-7
Denver Nuggets,2023-11-22,L,-5
Orlando Magic,2023-11-22,W,5
Charlotte Hornets,2023-11-22,W,3
Washington Wizards,2023-11-22,L,-3
Boston Celtics,2023-11-22,W,3
Milwaukee Bucks,2023-11-22,L,-3
Toronto Raptors,2023-11-22,W,1
Toronto Raptors,2023-11-21,L,-19
Orlando Magic,2023-11-21,W,19
Indiana Pacers,2023-11-21,W,5
Atlanta Hawks,2023-11-21,L,-5
Philadelphia 76ers,2023-11-21,L,-3
Cleveland Cavaliers,2023-11-21,W,3
Phoenix Suns,2023-11-21,W,13
Portland Trail Blazers,2023-11-21,L,-13
Los Angeles Lakers,2023-11-21,W,32
Utah Jazz,2023-11-21,L,-32
Charlotte Hornets,2023-11-20,W,3
Houston Rockets,2023-11-20,L,-5
Boston Celtics,2023-11-20,L,-3
San Antonio Spurs,2023-11-20,L,-25
LA Clippers,2023-11-20,W,25
Washington Wizards,2023-11-20,L,-13
Milwaukee Bucks,2023-11-20,W,13
Denver Nuggets,2023-11-20,W,4
Detroit Pistons,2023-11-20,L,-4
Chicago Bulls,2023-11-20,L,-18
Miami Heat,2023-11-20,W,18
New York Knicks,2023-11-20,L,-17
Minnesota Timberwolves,2023-11-20,W,17
New Orleans Pelicans,2023-11-20,W,36
Sacramento Kings,2023-11-20,L,-36
Golden State Warriors,2023-11-20,W,5
Los Angeles Lakers,2023-11-19,W,1
Utah Jazz,2023-11-19,L,-3
Phoenix Suns,2023-11-19,W,3
Portland Trail Blazers,2023-11-19,L,-43
Oklahoma City Thunder,2023-11-19,W,43
Memphis Grizzlies,2023-11-19,L,-2
Boston Celtics,2023-11-19,W,2
Dallas Mavericks,2023-11-19,L,-16
Sacramento Kings,2023-11-19,W,16
Cleveland Cavaliers,2023-11-19,W,12
Denver Nuggets,2023-11-19,L,-12
Orlando Magic,2023-11-19,W,12
Indiana Pacers,2023-11-19,L,-12
Toronto Raptors,2023-11-19,W,29
Philadelphia 76ers,2023-11-19,W,22
Brooklyn Nets,2023-11-19,L,-22
Houston Rockets,2023-11-19,L,-1
Detroit Pistons,2023-11-19,L,-29
Milwaukee Bucks,2023-11-18,W,7
Dallas Mavericks,2023-11-18,L,-7
Chicago Bulls,2023-11-18,W,5
Miami Heat,2023-11-18,L,-5
New Orleans Pelicans,2023-11-18,L,-1
Minnesota Timberwolves,2023-11-18,W,1
New York Knicks,2023-11-18,W,14
Charlotte Hornets,2023-11-18,L,-14
San Antonio Spurs,2023-11-18,L,-12
Memphis Grizzlies,2023-11-18,W,12
Oklahoma City Thunder,2023-11-18,W,7
Golden State Warriors,2023-11-18,L,-7
San Antonio Spurs,2023-11-17,L,-9
Cleveland Cavaliers,2023-11-17,W,8
Detroit Pistons,2023-11-17,L,-8
Philadelphia 76ers,2023-11-17,W,10
Atlanta Hawks,2023-11-17,L,-10
Boston Celtics,2023-11-17,W,3
Toronto Raptors,2023-11-17,L,-3
Washington Wizards,2023-11-17,L,-21
New York Knicks,2023-11-17,W,21
Charlotte Hornets,2023-11-17,L,-31
Milwaukee Bucks,2023-11-17,W,31
Chicago Bulls,2023-11-17,L,-6
Orlando Magic,2023-11-17,W,6
Denver Nuggets,2023-11-17,L,-5
New Orleans Pelicans,2023-11-17,W,5
Portland Trail Blazers,2023-11-17,L,-12
Los Angeles Lakers,2023-11-17,W,12
Utah Jazz,2023-11-17,L,-3
Phoenix Suns,2023-11-17,W,3
Houston Rockets,2023-11-17,L,-6
LA Clippers,2023-11-17,W,6
Sacramento Kings,2023-11-17,W,9
Golden State Warriors,2023-11-16,L,-19
Oklahoma City Thunder,2023-11-16,W,19
Brooklyn Nets,2023-11-16,L,-7
Miami Heat,2023-11-16,W,7
Boston Celtics,2023-11-15,W,10
Dallas Mavericks,2023-11-15,W,13
Washington Wizards,2023-11-15,L,-13
Philadelphia 76ers,2023-11-15,L,-10
Atlanta Hawks,2023-11-15,L,-2
New York Knicks,2023-11-15,W,2
Milwaukee Bucks,2023-11-15,W,16
Toronto Raptors,2023-11-15,L,-16
Minnesota Timberwolves,2023-11-15,L,-18
Phoenix Suns,2023-11-15,W,18
Cleveland Cavaliers,2023-11-15,W,14
Portland Trail Blazers,2023-11-15,L,-14
Los Angeles Lakers,2023-11-15,L,-15
Sacramento Kings,2023-11-15,W,15
Chicago Bulls,2023-11-15,L,-2
Orlando Magic,2023-11-15,W,2
Orlando Magic,2023-11-14,L,-20
Brooklyn Nets,2023-11-14,W,20
Charlotte Hornets,2023-11-14,L,-6
Oklahoma City Thunder,2023-11-14,W,36
Miami Heat,2023-11-14,W,6
Atlanta Hawks,2023-11-14,W,6
San Antonio Spurs,2023-11-14,L,-36
Dallas Mavericks,2023-11-14,L,-21
New Orleans Pelicans,2023-11-14,W,21
Portland Trail Blazers,2023-11-14,L,-16
Utah Jazz,2023-11-14,W,16
LA Clippers,2023-11-14,L,-3
Denver Nuggets,2023-11-14,W,3
Minnesota Timberwolves,2023-11-14,W,3
Golden State Warriors,2023-11-14,L,-3
Los Angeles Lakers,2023-11-14,W,27
Memphis Grizzlies,2023-11-14,L,-27
Detroit Pistons,2023-11-14,L,-6
Philadelphia 76ers,2023-11-14,L,-6
Indiana Pacers,2023-11-14,W,6
Chicago Bulls,2023-11-13,L,-9
New York Knicks,2023-11-13,L,-16
Boston Celtics,2023-11-13,W,16
Milwaukee Bucks,2023-11-13,W,9
Washington Wizards,2023-11-13,L,-4
Toronto Raptors,2023-11-13,W,4
Sacramento Kings,2023-11-13,W,12
Cleveland Cavaliers,2023-11-13,L,-12
San Antonio Spurs,2023-11-12,L,-5
New York Knicks,2023-11-12,W,22
Philadelphia 76ers,2023-11-12,W,11
Indiana Pacers,2023-11-12,L,-11
Houston Rockets,2023-11-12,W,3
Denver Nuggets,2023-11-12,L,-3
New Orleans Pelicans,2023-11-12,L,-12
Dallas Mavericks,2023-11-12,W,12
Miami Heat,2023-11-12,W,5
Detroit Pistons,2023-11-12,L,-11
Chicago Bulls,2023-11-12,W,11
Phoenix Suns,2023-11-12,L,-12
Oklahoma City Thunder,2023-11-12,W,12
Minnesota Timberwolves,2023-11-12,W,6
Golden State Warriors,2023-11-12,L,-6
Portland Trail Blazers,2023-11-12,L,-6
Los Angeles Lakers,2023-11-12,W,6
Memphis Grizzlies,2023-11-12,W,4
LA Clippers,2023-11-12,L,-4
Washington Wizards,2023-11-12,L,-8
Brooklyn Nets,2023-11-12,W,8
Charlotte Hornets,2023-11-12,L,-22
Milwaukee Bucks,2023-11-11,L,-15
Orlando Magic,2023-11-11,W,15
Cleveland Cavaliers,2023-11-11,W,8
Golden State Warriors,2023-11-11,L,-8
Atlanta Hawks,2023-11-11,L,-8
Miami Heat,2023-11-11,W,8
Boston Celtics,2023-11-11,W,23
Toronto Raptors,2023-11-11,L,-23
Charlotte Hornets,2023-11-10,W,7
Washington Wizards,2023-11-10,L,-7
Memphis Grizzlies,2023-11-10,L,-6
Utah Jazz,2023-11-10,W,6
Brooklyn Nets,2023-11-10,L,-14
San Antonio Spurs,2023-11-10,L,-7
Minnesota Timberwolves,2023-11-10,W,7
Dallas Mavericks,2023-11-10,W,18
LA Clippers,2023-11-10,L,-18
Los Angeles Lakers,2023-11-10,W,3
Houston Rockets,2023-11-10,W,3
New Orleans Pelicans,2023-11-10,L,-3
Sacramento Kings,2023-11-10,W,7
Boston Celtics,2023-11-10,W,14
Detroit Pistons,2023-11-10,L,-8
Philadelphia 76ers,2023-11-10,W,8
Phoenix Suns,2023-11-10,L,-3
Oklahoma City Thunder,2023-11-10,L,-7
Atlanta Hawks,2023-11-09,W,1
Orlando Magic,2023-11-09,L,-1
Indiana Pacers,2023-11-09,W,2
Milwaukee Bucks,2023-11-09,L,-2
Charlotte Hornets,2023-11-08,L,-16
Washington Wizards,2023-11-08,W,16
Utah Jazz,2023-11-08,L,-16
Indiana Pacers,2023-11-08,W,16
Cleveland Cavaliers,2023-11-08,L,-8
Oklahoma City Thunder,2023-11-08,W,8
Miami Heat,2023-11-08,W,6
Memphis Grizzlies,2023-11-08,L,-6
Minnesota Timberwolves,2023-11-08,W,21
Houston Rockets,2023-11-08,W,34
Los Angeles Lakers,2023-11-08,L,-34
New Orleans Pelicans,2023-11-08,L,-21
Brooklyn Nets,2023-11-08,W,7
San Antonio Spurs,2023-11-08,L,-21
Phoenix Suns,2023-11-08,W,1
Chicago Bulls,2023-11-08,L,-1
Philadelphia 76ers,2023-11-08,W,3
Boston Celtics,2023-11-08,L,-3
Sacramento Kings,2023-11-08,W,3
Portland Trail Blazers,2023-11-08,L,-3
New York Knicks,2023-11-08,W,21
Detroit Pistons,2023-11-08,L,-2
Milwaukee Bucks,2023-11-08,W,2
Golden State Warriors,2023-11-08,L,-3
Denver Nuggets,2023-11-08,W,3
Toronto Raptors,2023-11-08,W,11
Dallas Mavericks,2023-11-08,L,-11
LA Clippers,2023-11-08,L,-7
Detroit Pistons,2023-11-06,L,-11
Golden State Warriors,2023-11-06,W,11
San Antonio Spurs,2023-11-06,L,-41
Indiana Pacers,2023-11-06,W,41
Washington Wizards,2023-11-06,L,-18
Philadelphia 76ers,2023-11-06,W,18
Dallas Mavericks,2023-11-06,W,15
Orlando Magic,2023-11-06,L,-15
LA Clippers,2023-11-06,L,-14
New York Knicks,2023-11-06,W,14
Miami Heat,2023-11-06,W,1
Los Angeles Lakers,2023-11-06,L,-1
Brooklyn Nets,2023-11-06,L,-4
Milwaukee Bucks,2023-11-06,W,4
Chicago Bulls,2023-11-06,W,17
Utah Jazz,2023-11-06,L,-17
Sacramento Kings,2023-11-06,L,-25
Boston Celtics,2023-11-06,L,-5
Minnesota Timberwolves,2023-11-06,W,5
Denver Nuggets,2023-11-06,W,18
New Orleans Pelicans,2023-11-06,L,-18
Oklahoma City Thunder,2023-11-06,W,9
Atlanta Hawks,2023-11-06,L,-9
Houston Rockets,2023-11-06,W,25
Toronto Raptors,2023-11-05,W,7
San Antonio Spurs,2023-11-05,L,-7
Cleveland Cavaliers,2023-11-05,W,11
Golden State Warriors,2023-11-05,L,-11
Memphis Grizzlies,2023-11-05,W,12
Portland Trail Blazers,2023-11-05,L,-12
Charlotte Hornets,2023-11-05,L,-6
Dallas Mavericks,2023-11-05,W,6
Detroit Pistons,2023-11-05,L,-14
Phoenix Suns,2023-11-05,W,14
Indiana Pacers,2023-11-04,L,-1
Boston Celtics,2023-11-04,W,10
Houston Rockets,2023-11-04,W,18
Sacramento Kings,2023-11-04,L,-18
Denver Nuggets,2023-11-04,W,22
Chicago Bulls,2023-11-04,L,-22
Brooklyn Nets,2023-11-04,L,-10
Los Angeles Lakers,2023-11-04,L,-19
Orlando Magic,2023-11-04,W,19
Utah Jazz,2023-11-04,L,-28
Minnesota Timberwolves,2023-11-04,W,28
Atlanta Hawks,2023-11-04,W,18
New Orleans Pelicans,2023-11-04,L,-18
Philadelphia 76ers,2023-11-04,W,12
Phoenix Suns,2023-11-04,L,-12
Charlotte Hornets,2023-11-04,W,1
Portland Trail Blazers,2023-11-03,W,2
Memphis Grizzlies,2023-11-03,L,-2
Denver Nuggets,2023-11-03,W,11
Dallas Mavericks,2023-11-03,L,-11
Oklahoma City Thunder,2023-11-03,L,-2
Washington Wizards,2023-11-03,L,-7
Miami Heat,2023-11-03,W,7
Golden State Warriors,2023-11-03,W,2
New York Knicks,2023-11-03,L,-5
Brooklyn Nets,2023-11-03,W,2
Chicago Bulls,2023-11-03,L,-2
Cleveland Cavaliers,2023-11-03,L,-5
Indiana Pacers,2023-11-03,W,5
Milwaukee Bucks,2023-11-03,W,5
Philadelphia 76ers,2023-11-02,W,15
Toronto Raptors,2023-11-02,L,-15
Detroit Pistons,2023-11-02,L,-9
San Antonio Spurs,2023-11-02,W,11
Phoenix Suns,2023-11-02,L,-11
New Orleans Pelicans,2023-11-02,W,9
Orlando Magic,2023-11-02,W,2
Utah Jazz,2023-11-02,L,-2
LA Clippers,2023-11-01,L,-5
Los Angeles Lakers,2023-11-01,W,5
Golden State Warriors,2023-11-01,W,1
Detroit Pistons,2023-11-01,L,-9
Portland Trail Blazers,2023-11-01,W,9
Milwaukee Bucks,2023-11-01,L,-19
Toronto Raptors,2023-11-01,W,19
Boston Celtics,2023-11-01,W,51
Indiana Pacers,2023-11-01,L,-51
Miami Heat,2023-11-01,L,-4
Brooklyn Nets,2023-11-01,W,4
Washington Wizards,2023-11-01,L,-9
Atlanta Hawks,2023-11-01,W,9
New York Knicks,2023-11-01,L,-6
Cleveland Cavaliers,2023-11-01,W,6
Houston Rockets,2023-11-01,W,9
Charlotte Hornets,2023-11-01,L,-9
New Orleans Pelicans,2023-11-01,W,4
Denver Nuggets,2023-11-01,L,-21
Minnesota Timberwolves,2023-11-01,W,21
Chicago Bulls,2023-11-01,L,-9
Dallas Mavericks,2023-11-01,W,9
Oklahoma City Thunder,2023-11-01,L,-4
Utah Jazz,2023-11-01,W,24
Sacramento Kings,2023-11-01,L,-1
Memphis Grizzlies,2023-11-01,L,-24
Orlando Magic,2023-10-31,L,-16
LA Clippers,2023-10-31,W,16
San Antonio Spurs,2023-10-31,W,1
Phoenix Suns,2023-10-31,L,-1
Cleveland Cavaliers,2023-10-31,L,-18
New York Knicks,2023-10-31,W,18
Milwaukee Bucks,2023-10-30,W,8
Orlando Magic,2023-10-30,L,-3
Los Angeles Lakers,2023-10-30,W,3
Minnesota Timberwolves,2023-10-30,L,-14
Miami Heat,2023-10-30,L,-8
Denver Nuggets,2023-10-30,W,8
Utah Jazz,2023-10-30,L,-8
Oklahoma City Thunder,2023-10-30,W,12
Detroit Pistons,2023-10-30,L,-12
New Orleans Pelicans,2023-10-30,L,-28
Golden State Warriors,2023-10-30,W,28
Dallas Mavericks,2023-10-30,W,15
Memphis Grizzlies,2023-10-30,L,-15
Portland Trail Blazers,2023-10-30,W,8
Toronto Raptors,2023-10-30,L,-8
Atlanta Hawks,2023-10-30,W,14
Indiana Pacers,2023-10-30,L,-7
Chicago Bulls,2023-10-30,W,7
Charlotte Hornets,2023-10-30,L,-12
Brooklyn Nets,2023-10-30,W,12
Boston Celtics,2023-10-30,W,19
Washington Wizards,2023-10-30,L,-19
Milwaukee Bucks,2023-10-29,L,-17
Atlanta Hawks,2023-10-29,W,17
Oklahoma City Thunder,2023-10-29,L,-33
Denver Nuggets,2023-10-29,W,33
Sacramento Kings,2023-10-29,W,5
Los Angeles Lakers,2023-10-29,L,-5
San Antonio Spurs,2023-10-29,L,-40
LA Clippers,2023-10-29,W,40
Philadelphia 76ers,2023-10-29,W,28
Portland Trail Blazers,2023-10-29,L,-28
Golden State Warriors,2023-10-29,W,11
Houston Rockets,2023-10-29,L,-11
Washington Wizards,2023-10-28,W,7
New Orleans Pelicans,2023-10-28,W,9
New York Knicks,2023-10-28,L,-9
Cleveland Cavaliers,2023-10-28,L,-12
Indiana Pacers,2023-10-28,W,12
Detroit Pistons,2023-10-28,W,16
Chicago Bulls,2023-10-28,L,-16
Utah Jazz,2023-10-28,L,-22
Phoenix Suns,2023-10-28,W,22
Minnesota Timberwolves,2023-10-28,W,16
Miami Heat,2023-10-28,L,-16
Toronto Raptors,2023-10-28,L,-7
Philadelphia 76ers,2023-10-28,W,7
Memphis Grizzlies,2023-10-28,L,-7
San Antonio Spurs,2023-10-27,W,4
Houston Rockets,2023-10-27,L,-4
Sacramento Kings,2023-10-27,L,-8
Golden State Warriors,2023-10-27,W,8
Orlando Magic,2023-10-27,W,5
Portland Trail Blazers,2023-10-27,L,-5
Memphis Grizzlies,2023-10-27,L,-4
Denver Nuggets,2023-10-27,W,4
Utah Jazz,2023-10-27,W,2
LA Clippers,2023-10-27,L,-2
Toronto Raptors,2023-10-27,L,-1
Chicago Bulls,2023-10-27,W,1
Dallas Mavericks,2023-10-27,W,5
Brooklyn Nets,2023-10-27,L,-5
Cleveland Cavaliers,2023-10-27,L,-3
Oklahoma City Thunder,2023-10-27,W,3
Miami Heat,2023-10-27,L,-8
Boston Celtics,2023-10-27,W,8
Detroit Pistons,2023-10-27,W,12
Atlanta Hawks,2023-10-27,L,-6
New York Knicks,2023-10-27,W,6
Charlotte Hornets,2023-10-27,L,-12
Philadelphia 76ers,2023-10-26,L,-1
Milwaukee Bucks,2023-10-26,W,1
Los Angeles Lakers,2023-10-26,W,5
Phoenix Suns,2023-10-26,L,-5
Memphis Grizzlies,2023-10-25,L,-7
Washington Wizards,2023-10-25,L,-23
Indiana Pacers,2023-10-25,W,23
Charlotte Hornets,2023-10-25,W,6
Sacramento Kings,2023-10-25,W,16
Utah Jazz,2023-10-25,L,-16
Boston Celtics,2023-10-25,W,4
New York Knicks,2023-10-25,L,-4
Miami Heat,2023-10-25,W,1
Detroit Pistons,2023-10-25,L,-1
Cleveland Cavaliers,2023-10-25,W,1
Brooklyn Nets,2023-10-25,L,-1
Toronto Raptors,2023-10-25,W,3
Minnesota Timberwolves,2023-10-25,L,-3
Chicago Bulls,2023-10-25,L,-20
Oklahoma City Thunder,2023-10-25,W,20
LA Clippers,2023-10-25,W,12
Portland Trail Blazers,2023-10-25,L,-12
Orlando Magic,2023-10-25,W,30
Houston Rockets,2023-10-25,L,-30
San Antonio Spurs,2023-10-25,L,-7
Dallas Mavericks,2023-10-25,W,7
New Orleans Pelicans,2023-10-25,W,7
Atlanta Hawks,2023-10-25,L,-6
Golden State Warriors,2023-10-24,L,-4
Phoenix Suns,2023-10-24,W,4
Denver Nuggets,2023-10-24,W,12
Los Angeles Lakers,2023-10-24,L,-12
